{"cameraMode":{"drawMode":0,"name":"Shaded","section":"Shading Mode"},"sceneLighting":true,"audioPlay":false,"sceneViewState":{"m_AlwaysRefresh":false,"showFog":true,"showSkybox":true,"showFlares":true,"showImageEffects":true,"showParticleSystems":true,"showVisualEffectGraphs":true,"m_FxEnabled":true},"in2DMode":false,"pivot":{"x":350.0727233886719,"y":822.41455078125,"z":-335.6371765136719},"rotation":{"x":-0.14175082743167878,"y":-0.0617273673415184,"z":-0.008866088464856148,"w":0.9879833459854126},"size":0.0015099226729944349,"orthographic":false}